Array Size,Elapsed Time
16,0.018432
32,0.013312
64,0.013312
128,0.018432
256,0.061344
512,0.370080
1024,2.908448
2048,23.016800
4096,182.577057
8192,1574.966797
