Array Size,Elapsed Time
16,0.072672
32,0.115712
64,0.205824
128,0.405504
256,2.936640
512,21.000481
1024,153.268219
2048,943.808777
4096,7250.243164
8192,58212.199219
