Array Size,Elapsed Time
16,0.023552
32,0.018432
64,0.020480
128,0.031744
256,0.150848
512,1.068832
1024,9.175168
2048,74.679359
4096,638.408752
8192,6310.469727
